क्क	kk
क्ख	kkh
क्ग	kg
क्घ	kgh
क्च	kch
क्ज	kj
क्झ	kjh
क्ट	kt
क्ठ	kth
क्ड	kd
क्ढ	kdh
क्ण	kn
क्त	kt
क्थ	kth
क्द	kd
क्ध	kdh
क्न	kn
क्प	kp
क्फ	kph
क्ब	kb
क्भ	kbh
क्म	km
क्य	ky
क्र	kr
क्ल	kl
क्व	kv
क्श	ksh
क्ष	ksh
क्स	ks
क्ह	kh
ख्क	khk
ख्ख	khkh
ख्ग	khg
ख्घ	khgh
ख्च	khch
ख्ज	khj
ख्झ	khjh
ख्ट	kht
ख्ठ	khth
ख्ड	khd
ख्ढ	khdh
ख्ण	khn
ख्त	kht
ख्थ	khth
ख्द	khd
ख्ध	khdh
ख्न	khn
ख्प	khp
ख्फ	khph
ख्ब	khb
ख्भ	khbh
ख्म	khm
ख्य	khy
ख्र	khr
ख्ल	khl
ख्व	khv
ख्श	khsh
ख्ष	khsh
ख्स	khs
ख्ह	khh
ग्क	gk
ग्ख	gkh
ग्ग	gg
ग्घ	ggh
ग्च	gch
ग्ज	gj
ग्झ	gjh
ग्ट	gt
ग्ठ	gth
ग्ड	gd
ग्ढ	gdh
ग्ण	gn
ग्त	gt
ग्थ	gth
ग्द	gd
ग्ध	gdh
ग्न	gn
ग्प	gp
ग्फ	gph
ग्ब	gb
ग्भ	gbh
ग्म	gm
ग्य	gy
ग्र	gr
ग्ल	gl
ग्व	gv
ग्श	gsh
ग्ष	gsh
ग्स	gs
ग्ह	gh
घ्क	ghk
घ्ख	ghkh
घ्ग	ghg
घ्घ	ghgh
घ्च	ghch
घ्ज	ghj
घ्झ	ghjh
घ्ट	ght
घ्ठ	ghth
घ्ड	ghd
घ्ढ	ghdh
घ्ण	ghn
घ्त	ght
घ्थ	ghth
घ्द	ghd
घ्ध	ghdh
घ्न	ghn
घ्प	ghp
घ्फ	ghph
घ्ब	ghb
घ्भ	ghbh
घ्म	ghm
घ्य	ghy
घ्र	ghr
घ्ल	ghl
घ्व	ghv
घ्श	ghsh
घ्ष	ghsh
घ्स	ghs
घ्ह	ghh
च्क	chk
च्ख	chkh
च्ग	chg
च्घ	chgh
च्च	chch
च्ज	chj
च्झ	chjh
च्ट	cht
च्ठ	chth
च्ड	chd
च्ढ	chdh
च्ण	chn
च्त	cht
च्थ	chth
च्द	chd
च्ध	chdh
च्न	chn
च्प	chp
च्फ	chph
च्ब	chb
च्भ	chbh
च्म	chm
च्य	chy
च्र	chr
च्ल	chl
च्व	chv
च्श	chsh
च्ष	chsh
च्स	chs
च्ह	chh
ज्क	jk
ज्ख	jkh
ज्ग	jg
ज्घ	jgh
ज्च	jch
ज्ज	jj
ज्झ	jjh
ज्ट	jt
ज्ठ	jth
ज्ड	jd
ज्ढ	jdh
ज्ण	jn
ज्त	jt
ज्थ	jth
ज्द	jd
ज्ध	jdh
ज्न	jn
ज्प	jp
ज्फ	jph
ज्ब	jb
ज्भ	jbh
ज्म	jm
ज्य	jy
ज्र	jr
ज्ल	jl
ज्व	jv
ज्श	jsh
ज्ष	jsh
ज्स	js
ज्ह	jh
झ्क	jhk
झ्ख	jhkh
झ्ग	jhg
झ्घ	jhgh
झ्च	jhch
झ्ज	jhj
झ्झ	jhjh
झ्ट	jht
झ्ठ	jhth
झ्ड	jhd
झ्ढ	jhdh
झ्ण	jhn
झ्त	jht
झ्थ	jhth
झ्द	jhd
झ्ध	jhdh
झ्न	jhn
झ्प	jhp
झ्फ	jhph
झ्ब	jhb
झ्भ	jhbh
झ्म	jhm
झ्य	jhy
झ्र	jhr
झ्ल	jhl
झ्व	jhv
झ्श	jhsh
झ्ष	jhsh
झ्स	jhs
झ्ह	jhh
ट्क	tk
ट्ख	tkh
ट्ग	tg
ट्घ	tgh
ट्च	tch
ट्ज	tj
ट्झ	tjh
ट्ट	tt
ट्ठ	tth
ट्ड	td
ट्ढ	tdh
ट्ण	tn
ट्त	tt
ट्थ	tth
ट्द	td
ट्ध	tdh
ट्न	tn
ट्प	tp
ट्फ	tph
ट्ब	tb
ट्भ	tbh
ट्म	tm
ट्य	ty
ट्र	tr
ट्ल	tl
ट्व	tv
ट्श	tsh
ट्ष	tsh
ट्स	ts
ट्ह	th
ठ्क	thk
ठ्ख	thkh
ठ्ग	thg
ठ्घ	thgh
ठ्च	thch
ठ्ज	thj
ठ्झ	thjh
ठ्ट	tht
ठ्ठ	thth
ठ्ड	thd
ठ्ढ	thdh
ठ्ण	thn
ठ्त	tht
ठ्थ	thth
ठ्द	thd
ठ्ध	thdh
ठ्न	thn
ठ्प	thp
ठ्फ	thph
ठ्ब	thb
ठ्भ	thbh
ठ्म	thm
ठ्य	thy
ठ्र	thr
ठ्ल	thl
ठ्व	thv
ठ्श	thsh
ठ्ष	thsh
ठ्स	ths
ठ्ह	thh
ड्क	dk
ड्ख	dkh
ड्ग	dg
ड्घ	dgh
ड्च	dch
ड्ज	dj
ड्झ	djh
ड्ट	dt
ड्ठ	dth
ड्ड	dd
ड्ढ	ddh
ड्ण	dn
ड्त	dt
ड्थ	dth
ड्द	dd
ड्ध	ddh
ड्न	dn
ड्प	dp
ड्फ	dph
ड्ब	db
ड्भ	dbh
ड्म	dm
ड्य	dy
ड्र	dr
ड्ल	dl
ड्व	dv
ड्श	dsh
ड्ष	dsh
ड्स	ds
ड्ह	dh
ढ्क	dhk
ढ्ख	dhkh
ढ्ग	dhg
ढ्घ	dhgh
ढ्च	dhch
ढ्ज	dhj
ढ्झ	dhjh
ढ्ट	dht
ढ्ठ	dhth
ढ्ड	dhd
ढ्ढ	dhdh
ढ्ण	dhn
ढ्त	dht
ढ्थ	dhth
ढ्द	dhd
ढ्ध	dhdh
ढ्न	dhn
ढ्प	dhp
ढ्फ	dhph
ढ्ब	dhb
ढ्भ	dhbh
ढ्म	dhm
ढ्य	dhy
ढ्र	dhr
ढ्ल	dhl
ढ्व	dhv
ढ्श	dhsh
ढ्ष	dhsh
ढ्स	dhs
ढ्ह	dhh
ण्क	nk
ण्ख	nkh
ण्ग	ng
ण्घ	ngh
ण्च	nch
ण्ज	nj
ण्झ	njh
ण्ट	nt
ण्ठ	nth
ण्ड	nd
ण्ढ	ndh
ण्ण	nn
ण्त	nt
ण्थ	nth
ण्द	nd
ण्ध	ndh
ण्न	nn
ण्प	np
ण्फ	nph
ण्ब	nb
ण्भ	nbh
ण्म	nm
ण्य	ny
ण्र	nr
ण्ल	nl
ण्व	nv
ण्श	nsh
ण्ष	nsh
ण्स	ns
ण्ह	nh
त्क	tk
त्ख	tkh
त्ग	tg
त्घ	tgh
त्च	tch
त्ज	tj
त्झ	tjh
त्ट	tt
त्ठ	tth
त्ड	td
त्ढ	tdh
त्ण	tn
त्त	tt
त्थ	tth
त्द	td
त्ध	tdh
त्न	tn
त्प	tp
त्फ	tph
त्ब	tb
त्भ	tbh
त्म	tm
त्य	ty
त्र	tr
त्ल	tl
त्व	tv
त्श	tsh
त्ष	tsh
त्स	ts
त्ह	th
थ्क	thk
थ्ख	thkh
थ्ग	thg
थ्घ	thgh
थ्च	thch
थ्ज	thj
थ्झ	thjh
थ्ट	tht
थ्ठ	thth
थ्ड	thd
थ्ढ	thdh
थ्ण	thn
थ्त	tht
थ्थ	thth
थ्द	thd
थ्ध	thdh
थ्न	thn
थ्प	thp
थ्फ	thph
थ्ब	thb
थ्भ	thbh
थ्म	thm
थ्य	thy
थ्र	thr
थ्ल	thl
थ्व	thv
थ्श	thsh
थ्ष	thsh
थ्स	ths
थ्ह	thh
द्क	dk
द्ख	dkh
द्ग	dg
द्घ	dgh
द्च	dch
द्ज	dj
द्झ	djh
द्ट	dt
द्ठ	dth
द्ड	dd
द्ढ	ddh
द्ण	dn
द्त	dt
द्थ	dth
द्द	dd
द्ध	ddh
द्न	dn
द्प	dp
द्फ	dph
द्ब	db
द्भ	dbh
द्म	dm
द्य	dy
द्र	dr
द्ल	dl
द्व	dv
द्श	dsh
द्ष	dsh
द्स	ds
द्ह	dh
ध्क	dhk
ध्ख	dhkh
ध्ग	dhg
ध्घ	dhgh
ध्च	dhch
ध्ज	dhj
ध्झ	dhjh
ध्ट	dht
ध्ठ	dhth
ध्ड	dhd
ध्ढ	dhdh
ध्ण	dhn
ध्त	dht
ध्थ	dhth
ध्द	dhd
ध्ध	dhdh
ध्न	dhn
ध्प	dhp
ध्फ	dhph
ध्ब	dhb
ध्भ	dhbh
ध्म	dhm
ध्य	dhy
ध्र	dhr
ध्ल	dhl
ध्व	dhv
ध्श	dhsh
ध्ष	dhsh
ध्स	dhs
ध्ह	dhh
न्क	nk
न्ख	nkh
न्ग	ng
न्घ	ngh
न्च	nch
न्ज	nj
न्झ	njh
न्ट	nt
न्ठ	nth
न्ड	nd
न्ढ	ndh
न्ण	nn
न्त	nt
न्थ	nth
न्द	nd
न्ध	ndh
न्न	nn
न्प	np
न्फ	nph
न्ब	nb
न्भ	nbh
न्म	nm
न्य	ny
न्र	nr
न्ल	nl
न्व	nv
न्श	nsh
न्ष	nsh
न्स	ns
न्ह	nh
प्क	pk
प्ख	pkh
प्ग	pg
प्घ	pgh
प्च	pch
प्ज	pj
प्झ	pjh
प्ट	pt
प्ठ	pth
प्ड	pd
प्ढ	pdh
प्ण	pn
प्त	pt
प्थ	pth
प्द	pd
प्ध	pdh
प्न	pn
प्प	pp
प्फ	pph
प्ब	pb
प्भ	pbh
प्म	pm
प्य	py
प्र	pr
प्ल	pl
प्व	pv
प्श	psh
प्ष	psh
प्स	ps
प्ह	ph
फ्क	phk
फ्ख	phkh
फ्ग	phg
फ्घ	phgh
फ्च	phch
फ्ज	phj
फ्झ	phjh
फ्ट	pht
फ्ठ	phth
फ्ड	phd
फ्ढ	phdh
फ्ण	phn
फ्त	pht
फ्थ	phth
फ्द	phd
फ्ध	phdh
फ्न	phn
फ्प	php
फ्फ	phph
फ्ब	phb
फ्भ	phbh
फ्म	phm
फ्य	phy
फ्र	phr
फ्ल	phl
फ्व	phv
फ्श	phsh
फ्ष	phsh
फ्स	phs
फ्ह	phh
ब्क	bk
ब्ख	bkh
ब्ग	bg
ब्घ	bgh
ब्च	bch
ब्ज	bj
ब्झ	bjh
ब्ट	bt
ब्ठ	bth
ब्ड	bd
ब्ढ	bdh
ब्ण	bn
ब्त	bt
ब्थ	bth
ब्द	bd
ब्ध	bdh
ब्न	bn
ब्प	bp
ब्फ	bph
ब्ब	bb
ब्भ	bbh
ब्म	bm
ब्य	by
ब्र	br
ब्ल	bl
ब्व	bv
ब्श	bsh
ब्ष	bsh
ब्स	bs
ब्ह	bh
भ्क	bhk
भ्ख	bhkh
भ्ग	bhg
भ्घ	bhgh
भ्च	bhch
भ्ज	bhj
भ्झ	bhjh
भ्ट	bht
भ्ठ	bhth
भ्ड	bhd
भ्ढ	bhdh
भ्ण	bhn
भ्त	bht
भ्थ	bhth
भ्द	bhd
भ्ध	bhdh
भ्न	bhn
भ्प	bhp
भ्फ	bhph
भ्ब	bhb
भ्भ	bhbh
भ्म	bhm
भ्य	bhy
भ्र	bhr
भ्ल	bhl
भ्व	bhv
भ्श	bhsh
भ्ष	bhsh
भ्स	bhs
भ्ह	bhh
म्क	mk
म्ख	mkh
म्ग	mg
म्घ	mgh
म्च	mch
म्ज	mj
म्झ	mjh
म्ट	mt
म्ठ	mth
म्ड	md
म्ढ	mdh
म्ण	mn
म्त	mt
म्थ	mth
म्द	md
म्ध	mdh
म्न	mn
म्प	mp
म्फ	mph
म्ब	mb
म्भ	mbh
म्म	mm
म्य	my
म्र	mr
म्ल	ml
म्व	mv
म्श	msh
म्ष	msh
म्स	ms
म्ह	mh
य्क	yk
य्ख	ykh
य्ग	yg
य्घ	ygh
य्च	ych
य्ज	yj
य्झ	yjh
य्ट	yt
य्ठ	yth
य्ड	yd
य्ढ	ydh
य्ण	yn
य्त	yt
य्थ	yth
य्द	yd
य्ध	ydh
य्न	yn
य्प	yp
य्फ	yph
य्ब	yb
य्भ	ybh
य्म	ym
य्य	yy
य्र	yr
य्ल	yl
य्व	yv
य्श	ysh
य्ष	ysh
य्स	ys
य्ह	yh
र्क	rk
र्ख	rkh
र्ग	rg
र्घ	rgh
र्च	rch
र्ज	rj
र्झ	rjh
र्ट	rt
र्ठ	rth
र्ड	rd
र्ढ	rdh
र्ण	rn
र्त	rt
र्थ	rth
र्द	rd
र्ध	rdh
र्न	rn
र्प	rp
र्फ	rph
र्ब	rb
र्भ	rbh
र्म	rm
र्य	ry
र्र	rr
र्ल	rl
र्व	rv
र्श	rsh
र्ष	rsh
र्स	rs
र्ह	rh
ल्क	lk
ल्ख	lkh
ल्ग	lg
ल्घ	lgh
ल्च	lch
ल्ज	lj
ल्झ	ljh
ल्ट	lt
ल्ठ	lth
ल्ड	ld
ल्ढ	ldh
ल्ण	ln
ल्त	lt
ल्थ	lth
ल्द	ld
ल्ध	ldh
ल्न	ln
ल्प	lp
ल्फ	lph
ल्ब	lb
ल्भ	lbh
ल्म	lm
ल्य	ly
ल्र	lr
ल्ल	ll
ल्व	lv
ल्श	lsh
ल्ष	lsh
ल्स	ls
ल्ह	lh
व्क	vk
व्ख	vkh
व्ग	vg
व्घ	vgh
व्च	vch
व्ज	vj
व्झ	vjh
व्ट	vt
व्ठ	vth
व्ड	vd
व्ढ	vdh
व्ण	vn
व्त	vt
व्थ	vth
व्द	vd
व्ध	vdh
व्न	vn
व्प	vp
व्फ	vph
व्ब	vb
व्भ	vbh
व्म	vm
व्य	vy
व्र	vr
व्ल	vl
व्व	vv
व्श	vsh
व्ष	vsh
व्स	vs
व्ह	vh
श्क	shk
श्ख	shkh
श्ग	shg
श्घ	shgh
श्च	shch
श्ज	shj
श्झ	shjh
श्ट	sht
श्ठ	shth
श्ड	shd
श्ढ	shdh
श्ण	shn
श्त	sht
श्थ	shth
श्द	shd
श्ध	shdh
श्न	shn
श्प	shp
श्फ	shph
श्ब	shb
श्भ	shbh
श्म	shm
श्य	shy
श्र	shr
श्ल	shl
श्व	shv
श्श	shsh
श्ष	shsh
श्स	shs
श्ह	shh
ष्क	shk
ष्ख	shkh
ष्ग	shg
ष्घ	shgh
ष्च	shch
ष्ज	shj
ष्झ	shjh
ष्ट	sht
ष्ठ	shth
ष्ड	shd
ष्ढ	shdh
ष्ण	shn
ष्त	sht
ष्थ	shth
ष्द	shd
ष्ध	shdh
ष्न	shn
ष्प	shp
ष्फ	shph
ष्ब	shb
ष्भ	shbh
ष्म	shm
ष्य	shy
ष्र	shr
ष्ल	shl
ष्व	shv
ष्श	shsh
ष्ष	shsh
ष्स	shs
ष्ह	shh
स्क	sk
स्ख	skh
स्ग	sg
स्घ	sgh
स्च	sch
स्ज	sj
स्झ	sjh
स्ट	st
स्ठ	sth
स्ड	sd
स्ढ	sdh
स्ण	sn
स्त	st
स्थ	sth
स्द	sd
स्ध	sdh
स्न	sn
स्प	sp
स्फ	sph
स्ब	sb
स्भ	sbh
स्म	sm
स्य	sy
स्र	sr
स्ल	sl
स्व	sv
स्श	ssh
स्ष	ssh
स्स	ss
स्ह	sh
ह्क	hk
ह्ख	hkh
ह्ग	hg
ह्घ	hgh
ह्च	hch
ह्ज	hj
ह्झ	hjh
ह्ट	ht
ह्ठ	hth
ह्ड	hd
ह्ढ	hdh
ह्ण	hn
ह्त	ht
ह्थ	hth
ह्द	hd
ह्ध	hdh
ह्न	hn
ह्प	hp
ह्फ	hph
ह्ब	hb
ह्भ	hbh
ह्म	hm
ह्य	hy
ह्र	hr
ह्ल	hl
ह्व	hv
ह्श	hsh
ह्ष	hsh
ह्स	hs
ह्ह	hh
का	ka
कि	ki
की	ki
कु	ku
कू	ku
के	ke
कै	kai
को	ko
कौ	kau
कं	kn
खा	kha
खि	khi
खी	khi
खु	khu
खू	khu
खे	khe
खै	khai
खो	kho
खौ	khau
खं	khn
गा	ga
गि	gi
गी	gi
गु	gu
गू	gu
गे	ge
गै	gai
गो	go
गौ	gau
गं	gn
घा	gha
घि	ghi
घी	ghi
घु	ghu
घू	ghu
घे	ghe
घै	ghai
घो	gho
घौ	ghau
घं	ghn
चा	cha
चि	chi
ची	chi
चु	chu
चू	chu
चे	che
चै	chai
चो	cho
चौ	chau
चं	chn
जा	ja
जि	ji
जी	ji
जु	ju
जू	ju
जे	je
जै	jai
जो	jo
जौ	jau
जं	jn
झा	jha
झि	jhi
झी	jhi
झु	jhu
झू	jhu
झे	jhe
झै	jhai
झो	jho
झौ	jhau
झं	jhn
टा	ta
टि	ti
टी	ti
टु	tu
टू	tu
टे	te
टै	tai
टो	to
टौ	tau
टं	tn
ठा	tha
ठि	thi
ठी	thi
ठु	thu
ठू	thu
ठे	the
ठै	thai
ठो	tho
ठौ	thau
ठं	thn
डा	da
डि	di
डी	di
डु	du
डू	du
डे	de
डै	dai
डो	do
डौ	dau
डं	dn
ढा	dha
ढि	dhi
ढी	dhi
ढु	dhu
ढू	dhu
ढे	dhe
ढै	dhai
ढो	dho
ढौ	dhau
ढं	dhn
णा	na
णि	ni
णी	ni
णु	nu
णू	nu
णे	ne
णै	nai
णो	no
णौ	nau
णं	nn
ता	ta
ति	ti
ती	ti
तु	tu
तू	tu
ते	te
तै	tai
तो	to
तौ	tau
तं	tn
था	tha
थि	thi
थी	thi
थु	thu
थू	thu
थे	the
थै	thai
थो	tho
थौ	thau
थं	thn
दा	da
दि	di
दी	di
दु	du
दू	du
दे	de
दै	dai
दो	do
दौ	dau
दं	dn
धा	dha
धि	dhi
धी	dhi
धु	dhu
धू	dhu
धे	dhe
धै	dhai
धो	dho
धौ	dhau
धं	dhn
ना	na
नि	ni
नी	ni
नु	nu
नू	nu
ने	ne
नै	nai
नो	no
नौ	nau
नं	nn
पा	pa
पि	pi
पी	pi
पु	pu
पू	pu
पे	pe
पै	pai
पो	po
पौ	pau
पं	pn
फा	pha
फि	phi
फी	phi
फु	phu
फू	phu
फे	phe
फै	phai
फो	pho
फौ	phau
फं	phn
बा	ba
बि	bi
बी	bi
बु	bu
बू	bu
बे	be
बै	bai
बो	bo
बौ	bau
बं	bn
भा	bha
भि	bhi
भी	bhi
भु	bhu
भू	bhu
भे	bhe
भै	bhai
भो	bho
भौ	bhau
भं	bhn
मा	ma
मि	mi
मी	mi
मु	mu
मू	mu
मे	me
मै	mai
मो	mo
मौ	mau
मं	mn
या	ya
यि	yi
यी	yi
यु	yu
यू	yu
ये	ye
यै	yai
यो	yo
यौ	yau
यं	yn
रा	ra
रि	ri
री	ri
रु	ru
रू	ru
रे	re
रै	rai
रो	ro
रौ	rau
रं	rn
ला	la
लि	li
ली	li
लु	lu
लू	lu
ले	le
लै	lai
लो	lo
लौ	lau
लं	ln
वा	va
वि	vi
वी	vi
वु	vu
वू	vu
वे	ve
वै	vai
वो	vo
वौ	vau
वं	vn
शा	sha
शि	shi
शी	shi
शु	shu
शू	shu
शे	she
शै	shai
शो	sho
शौ	shau
शं	shn
षा	sha
षि	shi
षी	shi
षु	shu
षू	shu
षे	she
षै	shai
षो	sho
षौ	shau
षं	shn
सा	sa
सि	si
सी	si
सु	su
सू	su
से	se
सै	sai
सो	so
सौ	sau
सं	sn
हा	ha
हि	hi
ही	hi
हु	hu
हू	hu
हे	he
है	hai
हो	ho
हौ	hau
हं	hn
क्	k
ख्	kh
ग्	g
घ्	gh
च्	ch
ज्	j
झ्	jh
ट्	t
ठ्	th
ड्	d
ढ्	dh
ण्	n
त्	t
थ्	th
द्	d
ध्	dh
न्	n
प्	p
फ्	ph
ब्	b
भ्	bh
म्	m
य्	y
र्	r
ल्	l
व्	v
श्	sh
ष्	sh
स्	s
ह्	h
अ	a
आ	a
इ	i
ई	i
उ	u
ऊ	u
ए	e
ऐ	ai
ओ	o
औ	au
क	k
ख	kh
ग	g
घ	gh
च	ch
ज	j
झ	jh
ट	t
ठ	th
ड	d
ढ	dh
ण	n
त	t
थ	th
द	d
ध	dh
न	n
प	p
फ	ph
ब	b
भ	bh
म	m
य	y
र	r
ल	l
व	v
श	sh
ष	sh
स	s
ह	h
