डाउनलोड्स	Downloads
डाउनलोड	Download
डेस्कटॉप	Desktop
डॉक्युमेंट्स	Documents
म्यूज़िक	Music
पिक्चर्स	Pictures
वीडियोज़	Videos
स्क्रीनशॉट	Screenshot
ज़ूम	Zoom
ऑडेसिटी	Audacity
कोर्सेरा	Coursera
हिपो	Hipo
मोबाइल	Mobile
फोन्स	Phones
यूज़र	User
यूज़र्स	Users
एच पी	HP
रीड मी	README
लाइसेंस	LICENSE
ऑडियो	Audio
कॉर्टेज़	cortez
कोनली	conley
सिम्स	sims
रॉबिन्सन	robinson
गारशिया	garcia
टॉरेस	torres
क्रॉफोर्ड	crawford
सानशेज़	sanchez
जीमेल	gmail
याहू	yahoo
हॉटमेल	hotmail
आउटलुक	outlook
लाइव	live
गूगल	google
माइक्रोसॉफ्ट	microsoft
फ़ेसबुक	facebook
ट्विटर	twitter
इंस्टाग्राम	instagram
लिंक्डइन	linkedin
यूट्यूब	youtube
अमेज़ोन	amazon
विकिपीडिया	wikipedia
गिटहब	github
रेडिट	reddit
नेटफ्लिक्स	netflix
स्पॉटिफाई	spotify
एप्पल	apple
सैमसंग	samsung
एनविडिया	nvidia
इंटेल	intel
अडोब	adobe
वर्डप्रेस	wordpress
ब्लॉगर	blogger
मेंटल फ्लॉस	mentalfloss
प्लेस किटन	placekitten
डमी इमेज	dummyimage
रिलाएबल सॉफ्ट	reliablesoft
ई बे	ebay
मोज़	moz
मॉज़िला	mozilla
जीनियस	genius
ग्रुप ऑन	groupon
गुटेनबर्ग	gutenberg
रेसिपी पप्पी	recipepuppy
बाय अ गिफ्ट	buyagift
वेब एम डी	webmd
रिसर्च गेट	researchgate
आफ्टर निक	afternic
हिपो लैब्स	hipolabs
एल आई सी इंडिया	licindia
प्लेस आई एम जी	placeimg
कोड कैडेमी	codecademy
स्किलशॉप	skillshop
स्किल शेयर	skillshare
यूडेमी	udemy
मास्टरक्लास	masterclass
एमिटी	amity
शारदा	sharda
यूनिवर्सिटीज़	universities
साउथ माउन्टेन सी सी	southmountaincc
अकेडमी आर्ट	academyart
ब्रायन यूनिवर्सिटी	bryanuniversity
सेंट्रल ए ज़ेड	centralaz
अलास्का	alaska
फीनिक्स	phoenix
फीनिक्स कॉलेज	phoenixcollege
मैरीकोपा	maricopa
प्रेसकॉट	prescott
ए ज़ेड वेस्टर्न	azwestern
पोएट्री	poetry
हावर्ड	harvard
अधीश	adhish
भरत	bharat
कपिल	kapil
मयंक	mayank
स्नेहा	sneha
चारु	charu
जेना	jenna
क्रिस्टन	kristen
किरन	kiran
वियान	viaan
जॉन	john
शॉन	shawn
विवान	vivaan
विजया	vijaya
डी वेन	dwayne
रोनाल्ड	ronald
पीटर	peter
पीटर्स	peters
डोना	donna
एंड्रयू	andrew
रिक	rick
बैरी	barry
सिंडर	snyder
जिल	jill
लॉरा	laura
स्मिथ	smith
नोरमा	norma
रॉथ	roth
टेलर	taylor
हॉल	hall
डेविस	davis
गांगुली	ganguli
लाल	lal
कुमार	kumar
कुमार	kumaar
संचय	sanchay
रॉन्डा	rhonda
ग्रेव्ज़	graves
कॉफी	coffey
लॉंग	long
गॉनज़ालेज़	gonzalez
जोर्डन	jordan
पीमा	pima
मेज़	mays
एडवर्ड्स	edwards
गरेरो	guerrero
बॉइड	boyd
स्मॉल	small
विल्सन	wilson
रैंडोल्फ	randolph
चान	chan
विकि	wiki
नाम	naam
फ़ाक	faq
टैग्स	tags
सर्विसेज़	services
इंडिया	india
डॉक्स	docs
बिट्स	bits
पिलानी	pilani
बी ए एम यू	bamu
ए ए एस सी	aasc
आसाम यूनिवर्सिटी	assamuniversity
अन्ना मलई यूनिवर्सिटी	annamalaiuniversity
अन्ना यूनिव	annauniv
एम्स	aiims
ए एम यू	amu
बी एच यू	bhu
बी ई सी एस	becs
पिसकम	picsum
फ़ोटोज़	photos
एनी	any
बेस्ट	best
ऑनलाइन	online
कोर्सेज़	courses
हिपो	hipo
यूनिवर्सिटी	university
डोमेंस	domains
लिस्ट	list
ब्लॉब	blob
मास्टर	master
वर्ल्ड	world
रीड मी	readme
डोमेन	domain
अनेलिसिस	analysis
ई मेल	email
एस आर वी	srv
लैपटॉप	laptop
डेस्कटॉप	desktop
वेब	web
वॉर्ड	ward
मुर्रे	murray
बोसन	bowen
बैंक्स	banks
मैक	mack
हॉपकिंस	hopkins
वॉट्स	watts
मालिक	mllik
रीव्ज़	reeves
एटकिन्स	atkins
गायक्वाड	gaaykvaadd
जमानत	jmaant
रामला	raamllaa
साया	saayaa
डी ढींगरा	ddhiingraa
मजूमदार	mjuumdaar
हुसैन	husain
रोजर्स	rogers
हार्ट	hart
मिलर	miller
विलियम्स	williams
दुबे	duube
जॉनसन	johnson
किम	kim
बार्टन	barton
बजाज	bjaaj
बटलर	butler
वॉकर	walker
बैनेट	bennett
हॉब्स	hobbs
डियाज़	diaz
मायर्स	myers
कृष्णमूर्ति	krssnnmuurti
आहूजा	aahuujaa
नोर्टन	norton
डाल्टन	dalton
पोप	pope
आचार्य	aacaary
बालसुब्रमन्यम	baalaasubrmnniym
ली	lee
हब्बर्ड	hubbard
कुक	cook
लेन	lane
जॉर्ज	george
स्टोन	stone
बार	barr
ब्लेविन्स	blevins
लोपेज़	lopez
कोच	koch
हंट	hunt
वैल्स	wells
मार्टीनेज़	martinez
रामशर्मा	raamshrmaa
अग्रवाल	agraval
छाबड़ा	chaabra
श्रीविमल	shrivimal
अहलूवालिया	ahluvaaliyaa
सिंह	singh
कुंड	kunnddaa
बालकृषण	baalkrssnnn
डाउन्लोड्स	Downloads
ऑडियो	audio
फ़ाइल	file
चैप्टर	chapter
पाइथन	python
टीम्स	teams
वर्क	work
स्कूल	school
सैंपल	sample
ई टी सी	etc
अपाची	apache
वेन्व	venv
बिन	bin
एक्टिवेट	activate
वार	var
होम	home
मोनेरो	monero
बैकअप्स	backups
टेम्प	temp
लिबरे ऑफिस	libreoffice
इंप्रेस	impress
टेम्पलेट्स	templates
सी ए	ca
सर्टिफिकेट्स	certificates
कॉन्फ़	conf
डी पी के जी	dpkg
ओल्ड	old
साइट्स	sites
अवेलेबल	available
ओ एस	os
सी ओ ओ आर डी	coord
ऑर्डिनेंस	ordinance
सर्वे	survey
रेडमी	redmi
ओप्पो	oppo
वीवो	vivo
नोर्ड	nord
नोट	note
कैनन	cannon
अग्नि	agni
एफ आर ए एन के	frank
फ्रैंक	frank
रीड	reed
हार्डिंग	harding
स्टीफन्स	stephens
सैंडर्स	sanders
शेफर	schaefer
वार्नर	warner
शॉ	shaw
वेलाज़क्वेज़	velazquez
अबाउट	about
ब्लॉग	blog
इंडेक्स	index
लॉगिन	login
रजिस्टर	register
सर्च	search
केटेगरी	category
केटेगरीज़	categories
पोस्ट	post
पोस्ट्स	posts
पेज	page
पेजेस	pages
एडमिन	admin
ऐप	app
एफ ए क्यू	faq
हेल्प	help
टर्म्स	terms
प्राइवेसी	privacy
कॉन्टैक्ट	contact
मेन	main
एक्सप्लोर	explore
विकी	wiki
डाउनलोड	download
अपलोड	upload
अपलोड्स	uploads
इमेजेज़	images
वीडियो	video
वीडियोज़	videos
ट्री	tree
टेस्ट्स	tests
टेस्ट	test
कॉन्फ़िग	config
सेटिंग्स	settings
प्रोफ़ाइल	profile
अकाउंट	account
मोबाइल	mobile
फोन	phone
फोन्स	phones
लर्न	learn
लर्निंग	learning
अकेडमी	academy
डोमेन्स	domains
अनैलिसिस	analysis
प्ले	play
मैप्स	maps
ड्राइव	drive
क्लाउड	cloud
कर्नल	kernel
इनेबल्ड	enabled
सेक्योर	secure
रियल	real
डेटा	data
फाइल्स	files
ऑफिस	office
लिब्रे ऑफिस	libreoffice
एक्सप्रेस	express
स्क्राइब	scribe
ट्रांसक्रिप्शन	transcription
सॉफ्टवेयर	software
स्पेस	space
ग्रीन	green
ब्राउन	brown
व्हाइट	white
ब्लैक	black
होमपेज	homepage
कंटेन्ट	content
डिफ़ॉल्ट	default
फूड हेल्थ	foodhealth
वर्कफ्लोज़	workflows
एंड	and
लाइसेंस	license
टैग	tag
ब्लॉग्स	blogs
बाथ	bath
वार्ड	ward
डीन	dean
राइस	rice
होंडा	honda
फोर्ड	ford
हाउस	house
रिच	rich
नाइट	knight
मूडी	moody
वाइज़	wise
शील्ड्स	shields
पप्पी	puppy
रेसिपी	recipe
मेसन	mason
किंग	king
फ्राई	fry
फ्लावर्स	flowers
आसाम	assam
ग्रेस	grace
बिशप	bishop
वुड्स	woods
ब्रूअर	brewer
सौटे	saute
रॉबिन	robin
प्राइस	price
एड्रेस	address
