adhish	अधीश
bharat	भरत
kapil	कपिल
mayank	मयंक
sneha	स्नेहा
charu	चारु
jenna	जेना
kristen	क्रिस्टन
kiran	किरन
viaan	वियान
john	जॉन
shawn	शॉन
vivaan	विवान
vijaya	विजया
dwayne	डी वेन
ronald	रोनाल्ड
peter	पीटर
peters	पीटर्स
donna	डोना
andrew	एंड्रयू
rick	रिक
barry	बैरी
snyder	सिंडर
jill	जिल
laura	लॉरा
smith	स्मिथ
norma	नोरमा
roth	रॉथ
taylor	टेलर
hall	हॉल
davis	डेविस
hotmail	हॉटमेल
live	लाइव
ganguli	गांगुली
lal	लाल
kumar	कुमार
kumaar	कुमार
sanchay	संचय
rhonda	रॉन्डा
graves	ग्रेव्ज़
coffey	कॉफी
long	लॉंग
gonzalez	गॉनज़ालेज़
jordan	जोर्डन
phoenix	फीनिक्स
pima	पीमा
mays	मेज़
edwards	एडवर्ड्स
guerrero	गरेरो
boyd	बॉइड
small	स्मॉल
wilson	विल्सन
randolph	रैंडोल्फ
chan	चान
wikipedia	विकिपीडिया
wiki	विकि
genius	जीनियस
naam	नाम
faq	फ़ाक
tags	टैग्स
poetry	पोएट्री
licindia	एल आई सी इंडिया
services	सर्विसेज़
india	इंडिया
moz	मोज़
adobe	अडोब
amazon	अमेज़ोन
docs	डॉक्स
bits	बिट्स
pilani	पिलानी
bamu	बी ए एम यू
aasc	ए ए एस सी
assamuniversity	आसाम यूनिवर्सिटी
annamalaiuniversity	अन्ना मलई यूनिवर्सिटी
annauniv	अन्ना यूनिव
aiims	एम्स
amu	ए एम यू
bhu	बी एच यू
becs	बी ई सी एस
picsum	पिसकम
photos	फ़ोटोज़
dummyimage	डमी इमेज
placekitten	प्लेस किटन
placeimg	प्लेस आई एम जी
any	एनी
reliablesoft	रिलाएबल सॉफ्ट
best	बेस्ट
online	ऑनलाइन
courses	कोर्सेज़
google	गूगल
skillshop	स्किलशॉप
udemy	यूडेमी
github	गिटहब
hipo	हिपो
university	यूनिवर्सिटी
domains	डोमेंस
list	लिस्ट
blob	ब्लॉब
master	मास्टर
world	वर्ल्ड
universities	यूनिवर्सिटीज़
readme	रीड मी
domain	डोमेन
analysis	अनेलिसिस
email	ई मेल
srv	एस आर वी
laptop	लैपटॉप
desktop	डेस्कटॉप
web	वेब
ward	वॉर्ड
murray	मुर्रे
bowen	बोसन
robinson	रॉबिन्सन
banks	बैंक्स
mack	मैक
hopkins	हॉपकिंस
watts	वॉट्स
mllik	मालिक
reeves	रीव्ज़
atkins	एटकिन्स
cortez	कॉर्टेज़
garcia	गारशिया
torres	टॉरेस
sims	सिम्स
gaaykvaadd	गायक्वाड
jmaant	जमानत
raamllaa	रामला
saayaa	साया
ddhiingraa	डी ढींगरा
mjuumdaar	मजूमदार
husain	हुसैन
rogers	रोजर्स
hart	हार्ट
miller	मिलर
williams	विलियम्स
duube	दुबे
johnson	जॉनसन
kim	किम
barton	बार्टन
conley	कोनली
bjaaj	बजाज
butler	बटलर
walker	वॉकर
bennett	बैनेट
hobbs	हॉब्स
diaz	डियाज़
myers	मायर्स
krssnnmuurti	कृष्णमूर्ति
aahuujaa	आहूजा
norton	नोर्टन
dalton	डाल्टन
pope	पोप
aacaary	आचार्य
baalaasubrmnniym	बालसुब्रमन्यम
lee	ली
hubbard	हब्बर्ड
cook	कुक
lane	लेन
george	जॉर्ज
stone	स्टोन
barr	बार
blevins	ब्लेविन्स
lopez	लोपेज़
koch	कोच
hunt	हंट
wells	वैल्स
martinez	मार्टीनेज़
raamshrmaa	रामशर्मा
agraval	अग्रवाल
chaabra	छाबड़ा
shrivimal	श्रीविमल
ahluvaaliyaa	अहलूवालिया
singh	सिंह
kunnddaa	कुंड
baalkrssnnn	बालकृषण
users	यूज़र्स
downloads	डाउन्लोड्स
desktop	डेस्कटॉप
audio	ऑडियो
file	फ़ाइल
chapter	चैप्टर
python	पाइथन
microsoft	माइक्रोसॉफ्ट
teams	टीम्स
work	वर्क
school	स्कूल
screenshot	स्क्रीनशॉट
sample	सैंपल
etc	ई टी सी
apache	अपाची
venv	वेन्व
bin	बिन
activate	एक्टिवेट
var	वार
home	होम
monero	मोनेरो
backups	बैकअप्स
temp	टेम्प
libreoffice	लिबरे ऑफिस
impress	इंप्रेस
templates	टेम्पलेट्स
ca	सी ए
certificates	सर्टिफिकेट्स
conf	कॉन्फ़
dpkg	डी पी के जी
old	ओल्ड
sites	साइट्स
available	अवेलेबल
os	ओ एस
coord	सी ओ ओ आर डी
ordinance	ऑर्डिनेंस
survey	सर्वे
samsung	सैमसंग
redmi	रेडमी
oppo	ओप्पो
vivo	वीवो
nord	नोर्ड
note	नोट
canon	कैनन
agni	अग्नि